reviewId,content,language,english_content
2fedb549-9cde-44a9-b375-87b37f2d5b82,"Die App kann schon viel, aber warum lassen sich die Scheiben oder das Schiebedach nicht √ºber die App √∂ffnen bzw. schlie√üen. An die Entwickler, bitte nachbessern.",German,"The app can already do a lot, but why can't the windows or the sunroof be opened or closed via the app? To the developers, please improve this."
8a75a904-1911-4d9d-97e1-506a1e915d0d,Leider genauso entt√§uscht wie viele hier √ºber die App. Ich kann weder den Status √ºber meinen 7-er sehen noch sonst die App richtig nutzen. Leider hat mir die BMW Schweiz Hotline auch ned wirklich weiterhelfen k√∂nnen. Eigentlich sehr schade.....,German,"Unfortunately, just as disappointed as many here about the app. I can‚Äôt see the status of my 7-series, nor can I really use the app otherwise. Unfortunately, the BMW Switzerland hotline couldn't really help me either. Actually a real shame...."
c5769f22-9263-4c2a-8b5d-bc3f4d11f8f5,"Top App, verst√§ndlich, √ºbersichtlich und funktional.",German,"Top App, understandable, clear, and functional."
2109c493-b655-4884-aa80-a4a83931be39,An sich eine informative App. Leider bleibt sie oft h√§ngen. Die fehlende Stabilit√§t nervt.,German,"An informative app in itself. Unfortunately, it often freezes. The lack of stability is annoying."
b3d056ec-ee43-4725-b8b5-52d7f2cb3170,Super App. Alles √ºber Handy abrufbar. Vom Tanken bis hin zur HU. Sehr Empfehlenswert. Daf√ºr gibt es auch 5 Sterne üåü üåü üåü üåü üåü,German,Super App. Everything retrievable via mobile phone. From refueling to the vehicle inspection (HU). Highly recommended. That‚Äôs why it gets 5 stars üåü üåü üåü üåü üåü
029ab730-deba-4ec4-b5f8-ea85ad1feba5,Einfach eine sehr gute und hilfreiche App.,German,Simply a very good and helpful app.
51096bea-cc41-42b0-ae5b-704898dd51fc,Die komplizierteste App die es √ºberhaupt gibt. Bis so ein Update bei dem Auto ankommt kriegt ne alte Frau n Kind. Selbst ein Stern ist noch zu viel,German,"The most complicated app there is, period. By the time an update like that arrives in the car, an elderly woman will have a child. Even one star is too much."
69467349-3d5c-4fe5-9702-24cd690589bb,App sehr sch√∂n aber alle Funktionen funktionieren nicht weil mein Auto zu alt ist 2014 es soll ein Update kommen aber wann ist die Frage. LG an BMW Update 30.11 noch schlechter,German,"App very nice but not all functions work because my car is too old, 2014. An update is supposed to come, but when is the question. Regards to BMW. Update 30.11 even worse."
3fbab055-ac78-40a4-b8f1-f5cb94c131a2,Alles wichtige ist schnell abrufbar,German,Everything important is quickly accessible.
d42b6c23-4aa9-46c9-a530-58677ecfb0a6,Funktioniert einwandfrei. Bin bis jetzt voll und ganz zufrieden.,German,Works flawlessly. I‚Äôm completely satisfied so far.
154bf616-1c99-49fd-a6c7-3acf4d55fda2,"Schrott, man kann sich gar nicht mehr anmelden. Sobald man auf das Feld f√ºr die Passworteingabe klickt, schmei√üt es einen gleich komplett raus. Ein Stern ist auch zu viel üëé",German,"Junk, you can't even log in anymore. As soon as you click on the password field, it completely kicks you out. One star is too much üëé"
fb1f933f-4535-4d8d-ba40-db4b84fb1b09,"Ist bei manchen Modellen, wie z.b. bei meinem 320ger g21 ohne teueres Abo (89 Euro im Jahr) unbrauchbar. Es ist keine einzige Funktion m√∂glich. Schade.",German,"It's unusable on some models, like my 320 g21, without the expensive subscription (‚Ç¨89 per year). Not a single function is possible. Shame."
24a6f1a3-6704-42c5-882e-e04ed7635546,Die App lief 2 Tage auf meinem neuen Handy danach beim √ñffnen verbindet sie sich ganz kurz mit meinem neuen bmw f39 und st√ºrzt ab. War zu bmw H√§ndler er meinte es l√§ge an der App,German,"The app ran for 2 days on my new phone, then when opening it, it connects briefly to my new BMW F39 and crashes. I took it to a BMW dealer and he said it was due to the app."
4e3dcaaa-9921-4a90-b8b1-a4218699cf30,Es fehlen wichtige Infos zu meinen f11 lci √ºber tankf√ºllstand und Kilometerstand. Auch ist die App und die Verbindung zum Fahrzeug sehr langsam. Hier erwarte uch mehr Performance.,German,"Important information regarding my F11 LCI is missing, specifically about fuel level and mileage. Also, the app and the connection to the vehicle are very slow. I expect more performance here."
f13a6b99-4e2e-49ba-b7ab-641754ee9c28,schade dass der Concierge Service eingestellt wurde. und bitte die Fahrzeugortung erweitern,German,‚ÄúIt‚Äôs a shame the Concierge Service was discontinued. And please expand the vehicle location feature.‚Äù
a762635f-4e9f-4b89-ac60-65e9237f8fad,Die App hat immer gut funktioniert. Seit dem letzten Update kann ich meine Fahrten nicht mehr ansehen.,German,"The app has always worked well. Since the last update, I can no longer view my journeys."
671fd3bd-fddf-4499-ab5e-d4ebc3ca0981,"St√§ndig die Neuanmeldung, die dann auch noch nicht Mal funktioniert. Dann wird man gen√∂tigt Chrome zu nutzen, was auch nicht funktioniert. Fragt man sich, was f√ºr Programmierer von BMW besch√§ftigt werden.",German,"Constant re-registration, which also doesn‚Äôt even work. Then you're forced to use Chrome, which also doesn‚Äôt work. You wonder what kind of programmers BMW employs."
b9afd30a-577b-4328-8321-a04245b8157f,Remote Parking fehlt obwohl Fahrzeug es unterst√ºtzt.,German,Remote Parking is missing even though the vehicle supports it.
a01b5772-f550-4033-a03d-065844c1962c,Es fehlen einfache Features die heute eigentlich Standart sind: -Kein Dark Mode! -Aktuell anliegender Ladestrom wird nicht angezeigt -Ladestrom kann nicht angepasst werden,German,Simple features that are standard these days are missing: -No Dark Mode! -Currently applicable charging current is not displayed -Charging current cannot be adjusted
3785a9ee-2a0c-4713-aca4-7b28180ce2a4,"Es geht seit Tagen mal wieder gar nichts..! App Anmeldung und wenn man es mal schafft ""drinnen"" zu sein funktioniert auch nicht alles...Standort Fahrzeug abrufen, Route ans Fahrzeug etc... Im Auto alles aktuviert, GPS usw..√§rgerlich bei Fahrzeugen in der Preisklasse..",German,"Nothing has been working again for days..! App login and even when you manage to get in, not everything functions... Retrieving vehicle location, sending routes to the vehicle, etc... Everything activated in the car, GPS, etc. Annoying for vehicles in this price class.."
fdd5e7a3-5e85-488c-a1b6-a225dbc3b090,"Eine Anmeldung ist seit Tagen nicht mehr m√∂glich. ""Es ist ein Fehler aufgetreten, sp√§ter nochmals versuchen! 3020"". Email an Hotline wird nicht beantwortet!üòü",German,"‚ÄúLogging in hasn‚Äôt been possible for days. An error occurred, try again later! 3020. Email to the hotline isn't being answered! üòü"
a9d959cf-7bbb-4e68-8fec-44be4559d820,"Bin mit der App sehr zufrieden. Hat uns in einer brenzligen Situation geholfen. Und zwar, hatten wir den Fahrzeugschl√ºssel im Kofferraum liegen und die Heckklappe geschlossen. Dank der App, konnten wir das Auto √ºber unseren Smartphone wieder √∂ffnen. üëç",German,"I'm very happy with the app. It helped us in a tricky situation. We had left the car key in the trunk and the tailgate was closed. Thanks to the app, we were able to unlock the car again via our smartphone. üëç"
c8b92b3c-7bed-4a66-869a-a2ba44ea9668,"Wenn der Fahrzeugstatus √ºber die App nicht aktualisiert werden kann, die Daten werden von der Vergangenheit angezeigt, dann m√ºssen im Fahrzeug √ºber das i Drive Men√º alle BMW Dienste aktuallisiert werden. Wurden diese aktualisiert dann Connected Drive deaktivieren. Kurz warten dann Conneced Drive wieder aktivieren. W√§rend der Aktualisierung darf das Fahrzeug nicht gefahren werden. Anschlie√üend in der App den Fahrzeug Status akkualisieren. Bei mir hat es so funktioniert. Alles wieder ok.",German,"‚ÄúIf the vehicle status can‚Äôt be updated via the app, and the data displayed is from the past, then you need to update all BMW services in the vehicle via the iDrive menu. Once these have been updated, deactivate Connected Drive. Wait a short while, then reactivate Connected Drive. The vehicle must not be driven during the update. Afterwards, update the vehicle status in the app. This is how it worked for me. Everything is ok again.‚Äù"
eacd1e06-c66c-4612-9760-492873b51961,"Die neue App hat die vorherige App nur verschlimmbessert. Respekt, ich dachte nicht das dieses M√∂glich ist. Warum kann man z. B. nicht mehr spontan die Klimatisierung einschalten? Zu teuer? Zu einfach? Zu Kundenfreundlich? Wenn man sich √ºberlegt was man f√ºr die ganzen Softwarezus√§tze bezahlen muss ist es schon, gelinde ausgedr√ºckt, eine Unversch√§mtheit was daf√ºr geboten wird. Langsam tendiere ich dazu dass das n√§chste Auto kein BMW mehr wird.",German,"The new app has only made the previous app worse. Seriously, I didn't think that was possible. Why, for example, can you no longer spontaneously activate the climate control? Too expensive? Too simple? Too customer-friendly? Considering what you have to pay for all the software additions, it‚Äôs, to put it mildly, an outrage what is offered in return. I‚Äôm slowly tending towards the next car not being a BMW."
5b44e5b5-d69d-47da-adb4-8f8937693e15,"Bis jetzt funktionierte alles einwandfrei, in letzter Zeit fehlerhaft, einiges versucht aber ohne Erfolg.",German,"Up until now, everything worked flawlessly, recently buggy, some things tried but without success."
28f067b5-34e5-435e-8752-3ff7ed7d4213,is von BMW...muss also gut sein ;) tolle App funktioniert und macht spa√ü,German,"It‚Äôs from BMW‚Ä¶ so it has to be good ;) great app, works and is fun."
6f5740bc-47fa-4d31-9d16-2ddf92ecb0a4,Nach jedem Update wieder neu anmelden - genial,German,Re-logging after every update ‚Äì brilliant.
87a376bf-ae42-488f-941c-88360c87c776,BMW ist besser als mein RangeRover. Vor allem was die digitale Technik an geht.,German,BMW is better than my RangeRover. Especially when it comes to digital technology.
e81e0be8-52d4-4c6f-b4b1-beac1f98413e,Einfach genial wenn man stets in ein temperiertes Auto einsteigen kann - egal ob es drau√üen kalt oder hei√ü ist üòÄ,German,Simply brilliant when you can always get into a pre-conditioned car ‚Äì whether it's cold or hot outside üòÄ
3f3a1d1b-038e-4a54-b9c8-a38172206b12,App funktioniert nicht. Ich kann die AGB nicht runter laden. Zeigt mir immer an das ich es sp√§ter nochmal versuchen soll. Weil es momentan nicht m√∂glich ist,German,App isn‚Äôt working. I can‚Äôt download the Terms and Conditions. It always tells me to try again later because it‚Äôs currently not possible.
731a791a-609f-4412-9b14-4eb7f0c41669,"Dalla versione 2.11.0, con IDrive 6 e telefono Android 12 collegato via Bluetooth, non si attiva pi√π l'opzione ""app"". L'ultima versione funzionante √® la 2.9.3. Dalle versione 3.5.2 il problema √® stato risolto.",Italian,"Since version 2.11.0, with iDrive 6 and an Android 12 phone connected via Bluetooth, the app option no longer activates. The last working version is 2.9.3. From version 3.5.2 the problem has been resolved."
f0398a65-f70d-49fa-a378-a4d4e0b9109d,"Riuscire a fare un'app. su misura rispondente quanto pi√π possibile alle necessit√† del veicolo sarebbe un amibizioso traguardo. Si potrebbe dedicare una sessione specifica ""veicolo"" comprendente tutti gli interventi, manutenzione, sostituzioni e quant'altro per tenere elevato lo stato degli interventi. Ove possibile si potrebbe includere lo stato di usura dei componenti e altro aumentando cos√¨ la performance delle app. Distinti saluti",Italian,"Achieving a custom app that responds as closely as possible to the needs of the vehicle would be an ambitious goal. A specific vehicle section could be dedicated to all interventions, maintenance, replacements, and so on, to keep the state of interventions high. Where possible, the wear status of components could be included, further increasing the app's performance. Sincerely"
8d267525-64f0-4e8e-8c0e-5e4b685ab6a1,"√à da pi√π di 2 settimane che l'app non funziona, oltre al fatto che la precedente aveva pi√π funzioni e funzionava meglio. Vorrei ricordare che questo servizio √® a pagamento.",Italian,"The app hasn't been working for over two weeks, on top of the fact that the previous version had more features and worked better. I‚Äôd like to remember that this service is a paid one."
74fcb765-c295-40a6-8d95-b616009feb9f,"Pessima! Dopo appena un mese e mezzo dall'installazione si e' bloccata, come lamentato anche da altri utenti. Non aggiorna, infatti, lo stato e la posizione della vettura e non invia i comandi da remoto. Peraltro la funzione fa parte di un pacchetto a pagamento.",Italian,"Terrible! After just a month and a half since installation, it froze, as also reported by other users. It doesn‚Äôt update the vehicle's status and location, and it doesn't send remote commands. Moreover, this function is part of a paid package."
60e39908-78e4-4753-9552-48a945a1448f,Comandi da remoto verso la macchina molto lenti,Italian,Remote commands to the car are very slow.
53edcfd8-22ed-462e-9a03-582c05d11cb7,"Utile, peccato che a volte non fa il refresh dei dati in tempo reale",Italian,"Useful, it‚Äôs a shame it doesn‚Äôt refresh data in real time sometimes."
2a428c0b-04bf-4580-9b13-292bb4c566c0,La app funziona bene. Sarebbe molto utile poter impostare la pianificazione delle ricariche su base settimanale cosi da coincidere con le fasce dei gestori dell'energia elettrica che ad es. nel weekend hanno tariffa pi√π bassa tutto il giorno.,Italian,"The app works well. It would be very useful to be able to set charging schedules on a weekly basis so they coincide with energy providers' time-of-use rates, which, for example, have a lower rate all day on weekends."
6485c976-1681-4c15-bb38-c10344b262eb,sarebbe molto utile connessione con account Google,Italian,It would be very useful to have connection with a Google account.
b05d9ef1-f7f4-4c45-88c4-a08b81ef24aa,"Digital key non compatibile con s22, che vergogna",Italian,"Digital Key not compatible with S22, how embarrassing."
55b13354-9962-461a-8409-5b261ec399a9,decisamente un grande aiuto per avere sempre l'autovettura sotto controllo,Italian,definitely a great help for always keeping the car under control
34e1e27e-ca2d-4ed0-b751-4c581afbf326,"La vecchia app BMW connected era organizzata con layout a mio parere pi√π chiaro e piacevole. Ma vabb√®.. Ora la localizzazione del veicolo risulta pi√π lenta, non utilizza pi√π la dettagliata mappa google, inoltre non consente pi√π di navigare a piedi verso il proprio veicolo. Secondo me con questa app si sono fatti non uno, ma ben due passi indietro rispetto la precedente. Se poi contiamo che √® un sevizio a pagamento... Mah!!!....",Italian,"‚ÄúThe old BMW Connected app was organized with a layout that, in my opinion, was clearer and more pleasant. But okay‚Ä¶ Now vehicle location is slower, it no longer uses the detailed Google Maps, and it no longer allows you to navigate on foot to your vehicle. In my opinion, with this app they‚Äôve taken not one, but two steps backward compared to the previous one. And if we also factor in that it‚Äôs a paid service‚Ä¶ Meh!!!‚Ä¶‚Äù"
740f7f64-357a-43ee-a535-ad285a6ba21f,"facile da usare, efficente e utile per avere il controllo dell'auto da remoto",Italian,"Easy to use, efficient, and useful for having remote control of the car."
ccee4a91-dd77-488a-849f-cec6307ac122,"Serve un aggiornamento che risolva una volta per tutte il problema della registrazione viaggi... ogni tre per due quest'ultima non funziona. Se fosse un problema di ID9 intervenite per favore sul software dell'auto, altrimenti ""i miei viaggi"" rimane totalmente inutile (dato registra a random...).",Italian,"An update is needed to permanently fix the trip recording issue... it fails every three and two. If it's an ID9 problem, please intervene on the car's software, otherwise My Trips remains totally useless (data records randomly...)."
bbecd099-bda3-4eaf-bf14-e7094aebb752,precisione e modalit√† di avviso sempre in anticipo,Italian,Precision and advance warning mode.
312fc620-0e66-4816-9695-4724bfccbc44,App stabile e precisa. Molto utile e molto comoda. Migliorerebbe un poco se desse la possibilit√† di gestire dallo smartphone le app dell'auto,Italian,Stable and accurate app. Very useful and very convenient. It would improve a little if it offered the possibility to manage the car's apps from the smartphone.
16230202-b636-4f8c-928d-5734a59118e7,"L'applicazione √® utile. La uso da 6 mesi, cio√® da quando ho preso l.auto. √à sempre andata bene, fino all.ultimo aggiornamento di pochi giorni fa. Ora, senza alcun motivo va in crash mentre la uso. Schermo nero e anche attendendo non cambia. Resta cos√¨. Bisogna chiuderla con tasto indietro del telefono o eliminarla dalle app aperte Poi riparte regolarmente. Attendo che torni funzionante al 100% per migliorare la valutazione",Italian,"The app is useful. I've been using it for 6 months, that is, since I got the car. It has always worked well, until the last update a few days ago. Now, for no reason, it crashes while I'm using it. Black screen and even waiting, it doesn't change. It stays like that. You have to close it with the phone's back button or delete it from the open apps. Then it restarts regularly. I'm waiting for it to be fully functional again to improve the rating."
924fceb2-cbe0-4f0c-b6ea-702d68065aa2,"All'inizio, non avendola mai avuto ho avuto qualche difficolt√†, ma ora la consiglio a tutti.",Italian,"Initially, I had some difficulties not having used it before, but now I recommend it to everyone."
a34a2e36-995b-454b-87d7-833ac5b2bc72,esperienza positiva con Bmw dal 2005,Italian,Positive experience with BMW since 2005
cd84dfa4-e3d1-44e9-b43e-0b688da43101,Concordo con l'opinione di informatici incapaci in quanto sto cercando di recuperare la password inserisco il codice cliente presente nella mail e appare la dicitura dato errato. Senza parlare delle telefonate avevo 17 davanti ho atteso il mio turno e quando era arrivato la comunicazione √® caduta. Stessa cosa un momento fa mentre parlavo con l'operatore. Se registrano le telefonate le ascoltino,Italian,"I agree with the opinion of incompetent IT people because I'm trying to recover my password, I enter the customer code from the email and the message incorrect data appears. Not to mention the phone calls: I had 17 in the queue, I waited for my turn, and when it was my turn, the connection dropped. Same thing just now while talking to the operator. If they record the phone calls, they should listen to them."
e90447ba-97d8-4e46-9c45-b23af5c09fbc,Quale funzione in pi√π sarebbe stata utile....(apertura chiusura finestrini),Italian,Which extra function would have been useful....(window opening and closing)
220a4b8d-a604-471d-9783-e32ac33bf1c6,"buona, utile e molto intuitiva.",Italian,"Good, useful, and very intuitive."
88cfb643-a282-418c-a85e-263e4af15fd4,"Una volta istallata l'app, clicco su login e parte una landing di caricamento infinita. Non riesco ad accedere",Italian,"Once the app is installed, I click on login and an endless loading screen starts. I can‚Äôt access it."
886c1411-1db8-4821-bfc7-071078d5cdb9,Da una casa come la BMW potrebbero fare molto ma molto meglio,Italian,"‚ÄúFrom a company like BMW, you could expect so much more.‚Äù"
e163ebe4-e3a1-4b72-b5c3-99ac438736ba,Pessima applicazione non all'altezza del marchio. Ogni giorno chiede di ri-autenticarsi.,Italian,"Poor application, not up to the brand‚Äôs standards. It asks you to re-authenticate every day."
f1ed9cc1-8f04-4661-9fef-7b775f734499,√® divertente oltre che utile. avere i dati a portata di mano spesso torna comodo.,Italian,It‚Äôs fun as well as useful. Having the data at hand is often convenient.
844423b0-4bd6-4c8e-8482-99aad3ac6793,App funzionale ed utile per il controllo dell'auto in remoto.,Italian,Functional and useful app for remote car control.
3c9dd9ed-c9ad-48b0-a994-04194f8ac8e7,Da quando l'ho installata non funziona pi√π Spotify!,Italian,"Since I installed it, Spotify doesn't work anymore!"
7ebfb693-70bb-4c8b-a182-9b0e45d8a95f,"Una applicazione utile, che fornisce buone informazioni",Italian,"A useful application, providing good information."
b8a5cdde-54c1-40ee-990d-48c041c2e112,"Il sistema antivirus mi segnala che l'applicazione √® infettata e consiglia di rimuoverla, cosa che ho fatto. Potete verificare?",Italian,"My antivirus system flags the application as infected and recommends removal, which I‚Äôm doing. Can you check?"
664f0f94-45a6-4a4d-8a64-581eb174227e,"bella applicazione, io per ora la uso per controllare lo stato del mezzo e abbassare la temperatura nelle giornate assolate. non mi √® chiara la differenza con l'app bmw connected. tra le due ho scelto questa.",Italian,"Nice application, so far I'm using it to check the vehicle‚Äôs status and lower the temperature on hot days. I‚Äôm not clear on the difference with the BMW Connected app. Between the two, I chose this one."
6a5f8c5e-26a3-4c52-af70-2346ab4ce9b6,"Aplicaci√≥n penosa, en esta nueva actualizaci√≥n se cargan tambi√©n la prestaci√≥n del claxon en remoto. Una verdadera estafa. Cualquier veh√≠culo tiene mejores prestaciones que la app de BMW. BMW = Sablazo y estafa.",Spanish,"Miserable app, with this new update they‚Äôve even loaded the remote horn function. A real rip-off. Any vehicle has better features than the BMW app. BMW = Rip-off and scam."
1867e590-9183-4c1e-9b72-56a7f4ee74ed,"Vamos a peor, ni de abre.",Spanish,"Getting worse and worse, it won't even open."
69de3f5d-3adc-4348-9f20-27ad804eefb0,"Est√° todo bien,solo que me gustar√≠a que si suena la alarma del coche la aplicaci√≥n me informara",Spanish,"Everything's fine, just that I would like it to notify me in the app when the car alarm sounds."
d227a2ae-36d9-4876-bee7-16a621fe49f3,Muy buena aplicaci√≥n para tener datos y acceso al coche!,Spanish,Very good app for having data and access to the car!
9b82a189-37a3-4f9f-8a2c-0ad4d8d19815,Muy √∫til y f√°cil de usar.,Spanish,Very useful and easy to use.
3bfc116b-51fd-451c-af10-c25f15a1b29c,"La aplicaci√≥n es muy completa y funciona bastante bien, pero tiene errores p.e. en el c√°lculo del kilometraje en las rese√±as mensuales, o en las estad√≠sticas de viajes.",Spanish,"The app is very comprehensive and works quite well, but it has glitches, for example, in the calculation of mileage in the monthly reviews, or in the travel statistics."
7f82aa88-8f96-4520-9d39-ce1d714e542f,Es una porquer√≠a. No se conecta porque seguro no hab√≠a un buen enlce con los datos de los autos. Lanzan algo que no sirve !!,Spanish,It's a mess. It doesn't connect because surely there wasn‚Äôt a good link with the car‚Äôs data. They release something that doesn‚Äôt work!!
33d02508-a8fc-4057-909d-219f45a3c53c,"Mejor coche,asistencia y app....muy dif√≠cil de mejorarüëç",Spanish,"Better car, assistance and app....very difficult to improve üëç"
afefe0fb-34d4-4590-bbfb-bb76a9120d4c,Me dice que lamentablemente el cambio autom√°tico del pa√≠s asignado no es compatible con mi bmw. Estoy en M√©xico y tengo una X3 M40i 2018.,Spanish,"It tells me that unfortunately, automatic country assignment changes are not compatible with my BMW. I‚Äôm in Mexico and have a 2018 X3 M40i."
c963e5a3-b624-4500-989c-8b3b1838befb,no me funciona spotify y ninguna app con esta nueva app,Spanish,Spotify doesn't work for me and neither does any other app with this new app.
2dffcf23-35c3-42e2-8f51-34767e0df63b,La app deber√≠a incluir alg√∫n aviso cuando se activa la alarma del veh√≠culo.,Spanish,The app should include some kind of notification when the vehicle alarm is activated.
00ddde5b-9efe-494a-8175-ae7114a570cb,Una app sencilla de utilizar y muy completa y √∫til,Spanish,A simple app to use and very complete and useful.
bcadf5e8-870a-4b6b-9747-d628e4b57647,me permite saber d√≥nde est√° el auto,Spanish,It lets me know where the car is.
0e90f00a-e16b-4131-96b3-24c5b6c8ffdb,La aplicaci√≥n est√° muy bien le doy cuatro estrellas por que esta todo muy bien pero todav√≠a no he le√≠do un comentario sobre un fallo sobre serrar el veh√≠culo si la puerta o las puertas est√° abierta le da cerrar y perfecto pero si se te olvida una o varias ventanillas no silve de nada el cierre a distancia yo he tenido que volver al coche en mas de una vez para cerrar ventanas as√≠ que le dare cinco es cuando arreglen este fallo por que la aplicaci√≥n est√° muy completa pero ese fallo la estropea,Spanish,"The app is very good, I give it four stars because everything is very good, but I haven't yet read a comment about a failure regarding locking the vehicle if the door or doors are open. It locks perfectly, but if you forget a window or several, the remote locking is useless. I'm having to return to the car more than once to close windows, so I'll give it five when they fix this failure because the application is very complete, but that failure ruins it."
d8d71027-8d52-4435-b8c1-dbe23ee74829,"Interesante aplicaci√≥n para localizar el veh√≠culo y gestionar su mantenimiento, as√≠ como otras funcionalidades. Deber√≠a poder localizarse el veh√≠culo en marcha y no √∫nicamente parado.",Spanish,"Interesting app for locating the vehicle and managing its maintenance, as well as other functionalities. It should be possible to locate the vehicle while it's moving and not only when it's parked."
c58ace4a-ebbc-46cf-8326-0ee325c2a91d,"La aplicaci√≥n est√° muy bien. El control remoto me encanta, y poder comprobar el estado del veh√≠culo, la ubicaci√≥n, activar el aire antes de llegar al coche... No le pongo 5 estrellas porque no me parece justo que para unos coches el servicio remoto sea gratuito y para otros cueste 80‚Ç¨ al a√±o.",Spanish,"The app is really good. I love the remote control, and being able to check the vehicle status, location, activate the air conditioning before arriving at the car... I don't give it 5 stars because I don't think it's fair that for some cars the remote service is free and for others it costs ‚Ç¨80 per year."
2c9c17c3-a4a3-451b-9cea-c343155c88d6,Le falta much√≠simo desarrollo a su app.,Spanish,It really lacks development.
7c28b655-723a-4f72-8a8d-63e95cba0511,"Como es usual en BMW, algo ""actualizaron"" y dej√≥ de funcionar lo poco que hac√≠a, ni siquiera abre y ""olvid√≥"" ""miBMW""",Spanish,"As is usual with BMW, they updated something and it stopped working, the little it did. It doesn't even open and forgot MyBMW."
134ad1cd-2c92-499f-8499-564950a67bef,"No funciona spotify, por favor rev√≠senlo, en la app anterior funcionaba algunos d√≠as,pero bueno...pero en esta jamas ha funcionado Gracias!!!!",Spanish,"Spotify isn't working, please review it. In the previous app it worked some days, but well...but it's never worked in this one. Thanks!!!!"
17f7261b-f00f-4e03-bc6d-e0c3c294d9a6,"Mucho peor que la anterior. Adem√°s, desde la √∫ltima actualizaci√≥n, si no permites el acceso a la ubicaci√≥n, no puedes abrirla. Connected dejaba el fondo en negro y daba informaci√≥n de la presi√≥n de las ruedas, cosa sin la que puedo pasar, pero no por tener que permitir acceso a la ubicaci√≥n. Los mapas tambi√©n funcionan peor, no s√© si han dejado de usar google, pero no encuentra los sitios igual ni tiene todos los que ten√≠a la anterior. Seguir√© usando connected hasta que la quiten.",Spanish,"Much worse than the previous one. Furthermore, since the last update, if you don't allow location access, you can't open it. Connected used to leave the background black and showed tire pressure information, something I can live without, but not for having to allow location access. The maps also function worse; I don‚Äôt know if they‚Äôve stopped using Google, but it doesn‚Äôt find places the same way or has all the ones the previous version had. I‚Äôll continue using Connected until they remove it."
22dca91f-db46-48e5-8390-3b8bfde8fb86,Tarda much√≠simo y no da litros y autonom√≠a en todos los modelos.,Spanish,It takes forever and doesn‚Äôt show liters and range for all models.
65fe4917-3a49-4f8e-9f45-562154d1fb92,"No me funciona desde hace meses. BMW no aporta soluci√≥n. S√≥lo que hay que esperar a la siguiente actualizaci√≥n, que no se sabe cu√°ndo saldr√°",Spanish,"It hasn't worked for months. BMW doesn‚Äôt offer a solution. They just say you have to wait for the next update, which we don‚Äôt know when it will be released."
4fdcc39c-ac1a-4b76-a4f3-ba212734161e,informaci√≥n al momento se est√© donde se est√©,Spanish,information at the moment wherever you may be
cb6c6840-1940-4665-8b58-ed17f7d3bf84,"Muy buena aplicaci√≥n. Puedes ver en todo momento el estado del veh√≠culo, programar la calefacci√≥n o el aire acondicionado, abrir/cerrar el coche de forma remota, ver la ruta que tienes que hacer desde el m√≥vil y enviarla al BMW,...",Spanish,"Very good application. You can always see the status of the vehicle, schedule the heating or air conditioning, remotely open/close the car, see the route you need to take from your mobile and send it to the BMW,..."
3d59e29d-17f5-45fa-af74-97813cf43bfe,Muy f√°cil y muy √∫til,Spanish,Very easy and very useful
546484ae-7fce-41e5-8618-e0b0b2d56ca3,"No puedo ingresar, me indica error 3021",Spanish,"I can‚Äôt log in, it shows error 3021."
795f3975-a8e6-4864-952a-8899161bad8e,"servicio, informaci√≥n y atenci√≥n al cliente, magn√≠ficos. Cumplimiento de plazo, impecable",Spanish,"Service, information, and customer support, magnificent. Timeliness, impeccable."
076e8ebd-7b9d-4072-b78e-f69286c1fd35,Bastante completo y muy intuitivo,Spanish,Quite complete and very intuitive.
7ddac2ca-6508-4956-a52f-c1c95e75fe06,De nada sirve si no pagas,Spanish,It‚Äôs useless if you don't pay.
a835dd28-54c7-4396-906b-da73f1eb96fa,"Buena aplicaci√≥n para el control y localizaci√≥n del veh√≠culo, falta pulir detalles pero en general es bastante √∫til.",Spanish,"Good app for vehicle control and location, some details need polishing but overall it's quite useful."
4d7df3d1-e073-4cd5-a0a2-8685cb8b4275,Application tr√®s conviviale et informative ... C'est vraiment fort utile.,French,Very user-friendly and informative application... It's really very useful.
6a00a69c-267b-4df3-8ef9-52227cfa3287,"Fonctionne sur x5 de 2017, mais l associer avec here au lieu de maps, c est ridicule, impossible de trouver des adresses que l on trouvait avec maps.",French,"Works on a 2017 x5, but pairing it with HERE instead of Maps is ridiculous, impossible to find addresses that were found with Maps."
ee22626a-99aa-4223-892c-37b1814c4299,Excellente application : l'essentiel au creux de la main üòâ,French,Excellent app: the essentials at your fingertips üòâ
a886ad93-2e2d-4db5-8519-9e3e2ddf0e3d,tr√®s bien dans l'ensemble,French,very good overall
1879e848-b6f4-448a-83a8-04f5d35d5036,Une excellente application qui donne des renseignements tr√®s utiles en temps r√©el.,French,An excellent app that provides very useful real-time information.
14af9775-074a-4be6-9ce7-7a9075516d86,"Nul ! D√®s que vous l'ouvrez on vous demande de changer de mot de passe puis de s'identifier 2x et il faut faire les mises √† jour etc donc il faut d√©ja 20minutes pour pouvoir avoir une app qui fonctionne bref apr√®s faut se connecter au wifi de la voiture qui te dit qu'il n'y a pas de conection alors que tu es parfaitement connect√©, bref cet app est pire qu""une banque pour rien, car en plus elle ne fonctionne pas donc totalement inutile !",French,"Terrible! As soon as you open it, you‚Äôre asked to change your password then identify yourself 2x and you have to do the updates etc so it already takes 20 minutes to get an app that works, briefly. Then you have to connect to the car's Wi-Fi which tells you there‚Äôs no connection when you‚Äôre perfectly connected. Briefly, this app is worse than a bank for nothing, because on top of that it doesn't even work, so totally useless!"
e5272f61-05d3-42cd-bb8f-f314e19bc3a1,"Excellente appli pour g√©rer un v√©hicule BMW, fonctionnelle et bien con√ßue !",French,"Excellent app for managing a BMW vehicle, functional and well-designed!"
f7a794e9-96b5-4ae9-92d4-2de81ba8b300,Encore d√©connecter est plus possible de ce connecter alors que cela fonctionne sur le site Web via bmw.fr,French,"It‚Äôs still impossible to reconnect, even though it works on the website via bmw.fr"
a73a8ece-11c4-4cde-bbe7-b4f8aed163ac,Pratique mais pourrait encore √™tre am√©lior√© (suivi des consommations en plus des recharges),French,Practical but could still be improved (consumption tracking in addition to charging).
85806e99-b58d-4946-aa81-9dba0bf045a3,Bmw serie 1 de 2021 : Je trouve l'application au top üëç,French,BMW 1 Series 2021: I find the app top üëç
f1d711d6-76ea-48b7-ad64-a6d1513ea586,Depuis le 1er septembre l'application s'est d√©connect√©e de la voiture sans raison apparente. J'ai supprim√© et r√©install√© l'application sans succ√®s. Pourtant quand je suis dans la voiture un message de connection Bluetooth et WiFi est affich√© par l'application sur mon t√©l√©phone.,French,"Since September 1st, the app has been disconnecting from the car for no apparent reason. I‚Äôve deleted and reinstalled the app unsuccessfully. Yet when I‚Äôm in the car, a Bluetooth and WiFi connection message is displayed by the app on my phone."
5fb761a5-0960-4c0a-b4d8-48248f2ea80d,"Bonne application qui m√©riterait d'√™tre plus compl√®te. Je mets 4 √©toiles car les fonctions avanc√©es et tellement utiles sont manquantes. (niveau adBlue et lave glace, pression des pneumatiques). J'esp√®re que l'√©quipe de d√©veloppeurs comblera rapidement ces lacunes.",French,"Good app that deserves to be more complete. I'm giving it 4 stars because the advanced and so useful functions are missing (AdBlue and washer fluid level, tire pressure). I hope the development team quickly fills these gaps."
079744bf-9334-446f-b6d3-daca90a3f3ed,Appli bidon qui n apporte pas grand chose,French,Useless app that doesn't bring much.
2189abef-955a-4701-8c64-b6eb5ccd059d,"simple, fluide manque n√©anmoins des options.",French,"simple, fluid, but lacking options."
541fb4bf-be07-4f4c-8b19-44b327361a73,tr√®s pratique et bien con√ßu,French,very practical and well designed
c886d5f8-add6-4084-95e7-a79891dac426,Il est regrettable de d'avoir un smartphone derni√®re g√©n√©ration pour pouvoir utiliser une application.,French,It‚Äôs regrettable to need a latest-generation smartphone to be able to use an application.
a8e2baab-8e10-4158-a566-02de649ad84d,"Application bien faite certes avec fonctions basiques mais tout a fait suffisantes. Enfin depuis la derniere MAJ via remote software update (ce matin), la voiture ne veut m√™me plus mettre a jour les infos de localisation, trajets, utilisateurs,... on dirait qu elle n a simplement plus acc√®s a internet. Pour info, la voiture n a pas encore 6 mois.",French,"Well-made application, certainly with basic functions but entirely sufficient. Finally, since the last update via remote software update (this morning), the car no longer wants to update the location, journeys, users' information,... it‚Äôs as if it no longer has access to the internet. For your information, the car hasn't been out for less than 6 months."
5c95a996-3e5d-44bd-8766-0c5c09f41cbb,application permettant d'interagir efficacement avec le v√©hicule,French,"application permettant d'interagir efficacement avec le v√©hicule

application allowing for effective interaction with the vehicle"
acd49010-7414-47df-80c8-3606e2221b82,"Abonnements √† des tarifs exorbitants pour des services bien souvent offerts dans d'autres marques moins ""prestigieuses"" .....L'acc√®s √† de simples informations sur le v√©hicule ou l'envoi d'une destination au GPS et m√™me la MAJ du GPS n√©cessite maintenant un abonnement sur mon v√©hicule de plus de 3 ans, d√©cevant √† l'heure ou toutes les MAJ d'applications Android ou IOS ou autres objets connect√©s sont totalement gratuites....",French,"Subscriptions at exorbitant prices for services often offered by other, less prestigious brands‚Ä¶ Access to simple vehicle information, sending a destination to the GPS, and even GPS updates now requires a subscription on my vehicle that's over 3 years old ‚Äì disappointing at a time when all updates for Android or iOS applications or other connected objects are completely free‚Ä¶"
e4deeced-8f19-40b3-ad47-d0c3d9ce33d3,Super application qui vous tient inform√© de l'√©tat du v√©hicule et de sa position.,French,Great app that keeps you informed about the vehicle's status and location.
5e39db69-3675-4677-b1ce-34be11c96556,"Bon le d√©verrouillage digital key toujours pas dispo, la derni√®re mise √† jour disait qu'il √©tait dispo rien. Oui j'ai la bmw digital key sur ma voiture. Mais pas presser du c√¥t√© des d√©veloppeurs de corriger le probl√®me. Je trouve que pour du 4,6/5 c'est un peut surcote pour ce que c'est il manque trop de fonction, alors qu'on pourrais faire bien plus.",French,"Well, the digital key still isn't available, the last update said it was available, nothing. Yes, I have the BMW Digital Key on my car. But not in a hurry on the developers' side to fix the problem. I find that for a 4.6/5 it's a little overrated for what it is, too many functions are missing, when we could do so much more."
b3a9ce2e-485a-468c-85f0-4d947c05fd22,"Je peux contr√¥ler mon v√©hicule √† distance. R√©gler la temp√©rature de l'habitacle avant de partir, v√©rifier si tout est en ordre, son niveau de charge.... je peux regarder son environnement ext√©rieur ou int√©rieur gr√¢ce aux cam√©ras int√©gr√©es.... Vraiment tr√®s simple d'utilisation !",French,"I can remotely control my vehicle. Adjust the cabin temperature before leaving, check if everything is in order, its charging level.... I can view its exterior or interior surroundings thanks to the integrated cameras.... Really very simple to use!"
013bd590-f3ea-4c7c-ae40-93da8596965e,Impossible de charger la derni√®re mise √† jour du software de la voiture. Et on est oblig√© de passer par cette appli inutile pour le faire. Merci BMW.,French,"Impossible to load the latest software update for the car. And we're forced to go through this useless app to do it. Thanks, BMW."
61ecfb39-010a-4749-b0a7-5a4ea0332de8,"application tr√®s utile, fonctionnelle, permet d'avoir toutes les informations sur le v√©hicule en temps r√©el.",French,"Very useful application, functional, allows you to have all vehicle information in real time."
2672eb56-adf1-4d31-af47-fb0ccf3c10ae,"Tr√®s pratique, contr√¥le du v√©hicule √† tout moment.",French,"Very practical, vehicle control at any time."
11c27af3-41f9-40f7-85ce-6f0bc315bdc0,Bonne application pour trouver les bornes √©lectriques üëç,French,Good app for finding charging stations üëç
cd4386fb-dea1-4f51-84c2-a27800374f7e,plus rien ne fonctionne et en plus il me dis toujours que j'ai une fen√™tre ouverte c'est vraiment chiant.,French,"Nothing works anymore, and on top of that, it keeps telling me I have a window open. It‚Äôs really annoying."
3fadbb76-894b-4b39-9a93-907277d13b53,"Depuis la mise a jour, impossible de se connecter. Il y a un message qui me dit ""pas de connexion internet"" alors que j'ai la 4g. Dommage car elle fonctionnait avant. D√©√ßu.",French,"Since the update, it‚Äôs impossible to connect. There's a message telling me no internet connection even though I have 4G. A shame because it worked before. Disappointed."
06679513-0fa9-4bda-8bea-d7282d1d6f3a,"Ne se connecte pas bien au v√©hicule contrairement √† la pr√©c√©dente application (bmwi3) Du coup , pas possible de lancer le pr√©chauffage ... Bref pas terrible du tout",French,"Doesn't connect well to the vehicle unlike the previous app (bmwi3). So, it‚Äôs not possible to start the preconditioning... Briefly, it‚Äôs really not great at all."
7ad65265-4ff5-467c-a26b-0addee82b4b8,"Pour un v√©hicule √©lectrique appli d√©cevante par rapport √† l'ancienne version : pas de jauge de niveau de charge batterie, pas de mode Edrive.. je d√©sinstalle",French,"For an electric vehicle, a disappointing app compared to the previous version: no battery charge level gauge, no eDrive mode‚Ä¶ I‚Äôm uninstalling."
